step,mode,loss,angle_error(rad),distance(m),x(m),y(m),the(rad),direction
1,training,0.219337597489357,0.2049587219953537,0.0,0.00017504326992894958,0.0005190236207290417,0.003155376320388192
2,training,0.04024544730782509,0.016337871551513672,0.0,0.03673253877905566,0.0006783963741618286,0.008859829290935024
3,training,0.0016153670148923993,0.058037817478179876,0.0,0.09612097840678828,0.0026976133739672926,0.07181064135763385
4,training,0.009058328345417976,0.16268965601921087,0.0,0.1156052102066837,0.0043983315580383795,0.10538101310950149
5,training,0.023645341396331787,0.1686837375164032,0.0,0.1542879075059137,0.010113496148611447,0.19094143703032934
6,training,0.023201053962111473,0.1696686893701553,0.04856137937442213,0.19259705757696258,0.019292562460129496,0.2782441310575613
7,training,0.01674121990799904,0.1869598776102066,0.04856137937442213,0.22969746355352566,0.031589050123694146,0.35893930073704033
8,training,0.010361731983721256,0.15237219259142876,0.04856137937442213,0.26599891860672,0.04663868756732037,0.4237423325541666
9,training,0.019732791930437088,0.15250425413250923,0.07413978654170628,0.3018432771893445,0.06386992732812968,0.4690113283338223
10,training,0.03534169867634773,0.1943902000784874,0.07413978654170628,0.3365627308170898,0.08213123127521105,0.49522403991259334
11,training,0.026353416964411736,0.2262016385793686,0.07413978654170628,0.3714481587373546,0.10142131872679133,0.514217690778237
12,training,0.018502207472920418,0.22115816175937653,0.07413978654170628,0.40599913631420737,0.12133292994940355,0.5311035445192298
13,training,0.030941586941480637,0.23542321473360062,0.07413978654170628,0.4400949204045423,0.1418115425489829,0.5513253798511668
14,training,0.04601345211267471,0.2868894785642624,0.07413978654170628,0.47378289690350167,0.16298402131549478,0.5696899975549402
15,training,0.03199644759297371,0.26283834502100945,0.12014700317652766,0.5072147701460126,0.18476180406851814,0.585139391771079
16,training,0.041297756135463715,0.303164966404438,0.12014700317652766,0.5407067486335652,0.206719323628715,0.5624408767001042
17,training,0.04263948276638985,0.2922310158610344,0.12014700317652766,0.575342315743197,0.22746031129558533,0.5154214185027081
18,training,0.03601390868425369,0.24724861420691016,0.12014700317652766,0.6108135816472032,0.24651035451909614,0.4699909445083052
19,training,0.0332864485681057,0.18084631860256198,0.12014700317652766,0.647274106075363,0.2640356173854057,0.425472254169516
20,training,0.03738320618867874,0.17100479267537594,0.12014700317652766,0.6841245308962711,0.2798743397886189,0.38980071991267695
21,training,0.0429222397506237,0.1458807419985533,0.15896966900751022,0.7215824208057466,0.2946437566309815,0.3612429960140412
22,training,0.030108869075775146,0.12472725473344326,0.15896966900751022,0.7594104536957313,0.3083774725841346,0.33611018741499143
23,training,0.03049379028379917,0.10260773822665215,0.15896966900751022,0.7973635006384083,0.3211146358374042,0.3118741440672189
24,training,0.027950484305620193,0.04055698215961456,0.15896966900751022,0.8358543348932477,0.3330465425657853,0.28974015229417105
25,training,0.016411276534199715,0.009113423526287079,0.15896966900751022,0.8742098075809226,0.3442006769381664,0.27691118841437157
26,training,0.01860753260552883,0.02170294150710106,0.15896966900751022,0.912823346821345,0.35491551933149745,0.2641233985137802
27,training,0.03100624494254589,0.026228900998830795,0.13509312302336302,0.9515771876791207,0.365157253661092,0.25318545059111514
28,training,0.0083964504301548,0.0031698420643806458,0.13509312302336302,0.9903185437495396,0.3749551137269998,0.2419715002344646
29,training,0.014454872347414494,0.03018161281943321,0.13509312302336302,1.029352287923791,0.3843446231129189,0.22958226936840567
30,training,0.010228949598968029,0.00795658491551876,0.13509312302336302,1.0682740253753773,0.3933480539670445,0.22584656972166658
31,training,0.006672452669590712,0.022063598036766052,0.13509312302336302,1.1072438715104873,0.40222199205705766,0.22153603305840666
32,training,0.008500906638801098,0.026240525767207146,0.13509312302336302,1.1462670454186203,0.410925163142188,0.21743952316000958
33,training,0.008543257601559162,0.02554045058786869,0.09252820792455405,1.1851739120412021,0.41946993247614384,0.21605908754796616
34,training,0.015971243381500244,0.0396728590130806,0.09252820792455405,1.2242278614179534,0.42810675560526507,0.2195140338608282
35,training,0.005509141832590103,0.025849223602563143,0.09252820792455405,1.2631194507586128,0.43696382515874943,0.22874264737821443
36,training,0.00821983627974987,0.029716033895965666,0.09252820792455405,1.3020039107108323,0.4460709936703714,0.22917726189767595
37,training,0.004120084457099438,0.03515719249844551,0.09252820792455405,1.3409493513355077,0.45513722636862597,0.22901693726655376
38,training,0.005867093801498413,0.05758307687938214,0.09252820792455405,1.3798299784514005,0.4642150068040939,0.228039365489754
39,training,0.0007603921694681048,0.06796770915389061,0.025063651783621615,1.4188644949984783,0.4731437445041065,0.2210333965683204
40,training,0.004202807787805796,0.07601669803261757,0.025063651783621615,1.4579112434197121,0.4819253779857043,0.22380594359238387
41,training,0.00335487793199718,0.06278305128216743,0.025063651783621615,1.496780605244533,0.49086973497982084,0.2280198828770088
42,training,0.0016354545950889587,0.07065828144550323,0.025063651783621615,1.5357246630089394,0.5000386573109292,0.2352285777032522
43,training,0.001268380437977612,0.07497833669185638,0.025063651783621615,1.5744088146524342,0.5095198835810836,0.24419781280368702
44,training,0.00044006292591802776,0.03272216580808163,0.025063651783621615,1.6131272147771418,0.519265274620572,0.2471281662719871
45,training,0.0029788303654640913,0.041504308581352234,0.026801284646325352,1.6519399955740175,0.5290226546257041,0.24436850887082787
46,training,0.0014637860003858805,0.06818239018321037,0.026801284646325352,1.6907747239709627,0.5385784445001393,0.23667054450731378
47,training,0.0020054068882018328,0.08152037486433981,0.026801284646325352,1.7298097440652254,0.547794111205499,0.22730719492541163
48,training,0.0025648437440395355,0.11965570785105228,0.026801284646325352,1.7687831760134318,0.5567100005466886,0.22268470776031343
49,training,0.0034012729302048683,0.12371277250349522,0.026801284646325352,1.8077716795148604,0.5654452087989114,0.21856644923078514
50,training,0.001949815428815782,0.15224306657910347,0.026801284646325352,1.8467877440724478,0.5740995149555707,0.2191151772965792
51,training,0.001112885307520628,0.15203705243766305,0.003970212027449819,1.88572857374576,0.5828522473884358,0.2224760919267175
52,training,0.006060431711375713,0.14574422501027584,0.003970212027449819,1.9247142104941461,0.591722669172679,0.2251296281897687
53,training,0.005747790914028883,0.1594746671617031,0.003970212027449819,1.9635591626276792,0.6006995295211105,0.228274642928149
54,training,0.008625561371445656,0.1350824572145939,0.003970212027449819,2.002446663030396,0.6097330425146706,0.22694847562401418
55,training,0.0036421804688870907,0.14686067774891853,0.003970212027449819,2.0414865025061597,0.6186626483903526,0.22195856010495874
56,training,0.0010959760984405875,0.15377574041485786,0.003970212027449819,2.080500506564321,0.6273644204780702,0.2160899117076378
57,training,0.005480297841131687,0.19828615337610242,0.03319596607861747,2.119625147827094,0.6357842863018887,0.20767729454745446
58,training,0.004056605044752359,0.20365728437900543,0.03319596607861747,2.158753515183932,0.6439075243253005,0.2020405015695516
59,training,0.004744506906718016,0.17575409263372424,0.03319596607861747,2.1979722790305467,0.6518305869764638,0.19587751368538095
60,training,0.002853051293641329,0.24336437694728374,0.03319596607861747,2.2372489734538505,0.6595419945675505,0.192836727470972
61,training,0.01101425290107727,0.20559624768793583,0.03319596607861747,2.256789451486205,0.663365288850413,0.19303680054214775
62,training,0.005481154192239046,0.18732995912432668,0.03319596607861747,2.3156344943570395,0.6748814320839939,0.19250255733098287
63,training,0.003752361983060837,0.1778422482311726,0.06678799899038342,2.3547970936681324,0.6825143841124687,0.19234940215666896
64,training,0.008572394959628582,0.18228007853031158,0.06678799899038342,2.3744379166108613,0.6863287586421227,0.1907423130187841
65,training,0.008658988401293755,0.17861607670783997,0.06678799899038342,2.4334814819362958,0.6973952601615226,0.178497667397418
66,training,0.00925489328801632,0.18418867141008374,0.06678799899038342,2.4728151227740383,0.7043524999589026,0.17121192326373263
67,training,0.007012100890278816,0.18237855657935143,0.06678799899038342,2.512317938660058,0.7110261515400705,0.16289209687066775
68,training,0.005841488484293222,0.17997604236006737,0.06678799899038342,2.551779294717148,0.7173366378254113,0.15457567875634026
69,training,0.008049271069467068,0.18698950111865997,0.09789241718295334,2.591395239488052,0.723361503164882,0.14752016611587762
70,training,0.004265652969479561,0.1914083734154701,0.09789241718295334,2.631043862618986,0.7290867061553303,0.13892363323698692
71,training,0.0043935696594417095,0.15863894671201706,0.09789241718295334,2.6705732259013355,0.7344788934508635,0.1319013938879029
72,training,0.0016324759926646948,0.18259251862764359,0.09789241718295334,2.7103772790649256,0.7396053295765138,0.12358249847895673
73,training,0.005680740810930729,0.22807717695832253,0.09789241718295334,2.7500288397745156,0.7443365672721449,0.11446274574533312
74,training,0.0012926241615787148,0.20403310656547544,0.09789241718295334,2.7898281590539957,0.74875075055801,0.10634666468017664
75,training,0.008079549297690392,0.18368973396718502,0.12079529497213508,2.829751195848707,0.752839103148798,0.09736935485346485
76,training,0.00584509689360857,0.22850433737039566,0.12079529497213508,2.869190784299538,0.7562060110078634,0.06588670259819458
77,training,0.0059181759133934975,0.08978702872991562,0.12079529497213508,2.9096962926307097,0.7578840962459116,0.01486567887842417
78,training,0.00409237015992403,0.06747917085886004,0.12079529497213508,2.949779425362292,0.7576050558683355,-0.02300752336563102
79,training,0.002733472269028425,0.12258181162178516,0.12079529497213508,2.989901905440433,0.7561387480278263,-0.05033587002387317
80,training,0.008811031468212605,0.1501622423529625,0.11518994053358209,3.030061824278467,0.7536427874082476,-0.07274023427128382
81,training,0.008779903873801231,0.09083071164786816,0.11518994053358209,3.0698840487063297,0.7503440261443474,-0.09199388225285031
82,training,0.003092866623774171,0.08528768178075552,0.11518994053358209,3.1098095849751193,0.7464458701564781,-0.10104500673310479
83,training,0.006144476123154163,0.09039265662431717,0.11518994053358209,3.1496159824750225,0.7423254181346902,-0.10437337613168625
84,training,0.008051440119743347,0.10082196444272995,0.11518994053358209,3.1892326161886473,0.7381332907032823,-0.10626465524085059
85,training,0.005063205491751432,0.06087067211046815,0.11518994053358209,3.2290705831724047,0.7338808222114837,-0.10636437159387005
86,training,0.0018094503320753574,0.013400017283856869,0.08296741911603663,3.268669590613474,0.7296777592521642,-0.10610762420496943
87,training,0.005355545785278082,0.008206997066736225,0.08296741911603663,3.3084353050118147,0.7254640352621073,-0.1047539539370525
88,training,0.0033328072167932987,0.03209504298865795,0.08296741911603663,3.3482266521298625,0.721349766931184,-0.10082463070372369
89,training,0.0023732439149171114,0.047501228749752045,0.08296741911603663,3.387810522999778,0.7174139179580813,-0.09792065982532398
90,training,0.0019613325130194426,0.041244691237807274,0.08296741911603663,3.4276856114549754,0.7135731653485301,-0.09370063663701331
91,training,0.002697969786822796,0.0064184051007032394,0.08296741911603663,3.4673509836792733,0.7099697214535605,-0.08900019021193091
92,training,0.0014108606847003102,0.05100095458328724,0.05515288110064371,3.5271037789738786,0.704802820084676,-0.08301761302479285
93,training,0.000703444704413414,0.03316568210721016,0.05515288110064371,3.54704691797377,0.7031816274952242,-0.07884617146839339
94,training,0.002563324524089694,0.010147653520107266,0.05515288110064371,3.606643213362522,0.6987297745748943,-0.07232916785462234
95,training,0.0008740061894059181,0.007848689332604408,0.05515288110064371,3.6266460264778244,0.6972949755615506,-0.07053434933169184
96,training,0.0013494961895048618,0.03426756151020527,0.05515288110064371,3.6664779345182166,0.6945857411696583,-0.06577163895008797
97,training,0.0017780105117708445,0.07604723609983921,0.05515288110064371,3.7062588398925156,0.6920183219633533,-0.06360531305555767
98,training,0.0037961252965033054,0.06957499496638775,0.02860046970060063,3.7661866532928707,0.6883209953993078,-0.05942902892009361
99,training,0.002503708004951477,0.04351048171520233,0.02860046970060063,3.786031461090488,0.6871262777860161,-0.06248452426225874
100,training,0.0009224998066201806,0.03639768250286579,0.02860046970060063,3.8259937592223285,0.6844740053066204,-0.06875040543438363
101,training,0.0009310614550486207,0.08624294772744179,0.02860046970060063,3.865969588687779,0.6816641906988687,-0.07143996759770531
102,training,0.0020668329671025276,0.1071784570813179,0.02860046970060063,3.9057102721824895,0.6786660396714617,-0.0813663160088645
103,training,0.0006564676878042519,0.08854410797357559,0.02860046970060063,3.945749788636116,0.6751452847179918,-0.09434433213289378
104,training,0.002292570425197482,0.07619679160416126,0.01511289667169972,3.985459657594993,0.6712110254868672,-0.10257674463330822
105,training,0.000863291323184967,0.08047909289598465,0.01511289667169972,4.02522400797346,0.6670139752637044,-0.10731716613291503
106,training,0.00046478986041620374,0.08414089120924473,0.01511289667169972,4.065050278764822,0.6626779553761557,-0.10936462451684162
107,training,0.0010295152897015214,0.05636259913444519,0.01511289667169972,4.104642337076557,0.6583317375128114,-0.10972352910731699
108,training,0.00023105231230147183,0.049307227134704604,0.01511289667169972,4.144444830677814,0.6539798266940806,-0.10629261160342539
109,training,0.0009960174793377519,0.05269959568977356,0.01511289667169972,4.184138546313137,0.6499718025725574,-0.09479362635585882
110,training,0.0016246640589088202,0.07210931926965714,0.019679318350284972,4.223767884577984,0.6464065277944379,-0.08458057722805724
111,training,0.0010535318870097399,0.07359276711940765,0.019679318350284972,4.263702647774625,0.6432137611200394,-0.0749716552739882
112,training,0.0002573602250777185,0.07340196520090102,0.019679318350284972,4.3033628283450405,0.6404093381382308,-0.06751185042526663
113,training,0.001194857293739915,0.05711355246603489,0.019679318350284972,4.3432710598157405,0.6378231300777742,-0.062339077984014085
114,training,0.0013756533153355122,0.08033647574484348,0.019679318350284972,4.383203351198318,0.6354228015710802,-0.05869264309902629
115,training,0.0033248583786189556,0.04189341887831688,0.019679318350284972,4.422940020925496,0.6331232799564162,-0.05634938458510586
116,training,0.0013765102485194802,0.03699447214603424,0.03530048979731062,4.462975085137579,0.6309553423680028,-0.05078476162557191
117,training,0.0020415657199919224,0.01632007583975792,0.03530048979731062,4.502732560612153,0.6291763927983398,-0.03817304476278055
118,training,0.000966763764154166,0.07891753129661083,0.03530048979731062,4.542583214652547,0.6279326451001944,-0.024308649025897293
119,training,0.004234403371810913,0.08619881793856621,0.03530048979731062,4.582685646521588,0.6270881430302064,-0.01919406937095755
120,training,0.0006186866667121649,0.05339305847883223,0.03530048979731062,4.622485121490041,0.6263452707496592,-0.019502324706886422
121,training,0.001678635599091649,0.02331250160932541,0.03530048979731062,4.662557380539328,0.6255621409716763,-0.01765840688149612
122,training,0.0016154552577063441,0.03347230702638626,0.04583376141267627,4.702452218724114,0.6250431096141549,-0.0072465906789858855
123,training,0.0008772155269980431,0.018769599497318268,0.04583376141267627,4.742299099809071,0.6249608212796317,0.002641150169124923
124,training,0.00035314305569045246,0.04267234727740288,0.04583376141267627,4.782409908493913,0.6252420608253684,0.012621966607795593
125,training,0.0011895502684637904,0.0352606438100338,0.04583376141267627,4.822120959708784,0.6259884826365456,0.027531715851488232
126,training,0.000616022851318121,0.0019859839230775833,0.04583376141267627,4.862006572190521,0.6274444569124717,0.04473438959618879
127,training,0.0002574238460510969,0.0020282363984733816,0.04583376141267627,4.9218505376627855,0.6305783158199675,0.057386459019518825
128,training,0.0023923739790916443,0.023620305582880974,0.045034718517531075,4.961782118198524,0.632907551908679,0.057908383311640124
129,training,0.0014750808477401733,0.002299707382917404,0.045034718517531075,4.981829796807665,0.6340692767286524,0.058500050002887334
130,training,0.0008276861044578254,0.006562840193510059,0.045034718517531075,5.021631016550677,0.6363993433988041,0.05762778609489629
131,training,0.0008001321111805737,0.011216627433896065,0.045034718517531075,5.061556542938778,0.6386710767954062,0.05528453703721693
132,training,0.0007718141423538327,0.007740912958979607,0.045034718517531075,5.10165395287823,0.6408095529488945,0.05109734383670197
133,training,0.00015855295350775123,0.03569716401398182,0.045034718517531075,5.1414294452369145,0.6427927160328241,0.048099886889695555
134,training,0.0012025923933833838,0.048385512083768845,0.02837869896841356,5.201695091570815,0.6452206097681353,0.030817236467132345
135,training,0.0012474264949560165,0.06173704471439123,0.02837869896841356,5.221592867093014,0.6457720644148462,0.024241424551051792
136,training,0.0005313220899552107,0.053131356835365295,0.02837869896841356,5.261600076037063,0.6464732595609133,0.010620833966800036
137,training,0.000842690875288099,0.05930629372596741,0.02837869896841356,5.3018643079299865,0.6466325682679656,-0.0014905389602918922
138,training,0.0018162921769544482,0.04851473029702902,0.02837869896841356,5.3417521894719115,0.6463658394573211,-0.012370202755102769
139,training,0.0009028743370436132,0.027245443314313885,0.020413812245959558,5.381859334424876,0.6456727934512781,-0.0215239966825061
140,training,0.001664899056777358,0.005784884095191956,0.020413812245959558,5.421909415848312,0.6447238643258536,-0.024065481951270246
141,training,0.0008080477709881961,0.01064075343310833,0.020413812245959558,5.461754778552413,0.6438152824132454,-0.019936802169090995
142,training,0.00039085751632228494,0.0201254989951849,0.020413812245959558,5.5018650940319125,0.6431328890841078,-0.01395118860924415
143,training,0.0018212076975032687,0.017106350511312478,0.020413812245959558,5.541695656058216,0.642676834723955,-0.009784104253776928
144,training,0.0016431022668257356,0.05101681500673294,0.020413812245959558,5.581632308823287,0.6424466997787077,-0.0006181993825850047
145,training,0.0005071564810350537,0.031082279980182648,0.021468079693527566,5.621675849864755,0.6427028034986387,0.015440310629606713
146,training,0.0017893973272293806,0.03910721547435969,0.021468079693527566,5.661390454155837,0.6436289084816929,0.029533154824863624
147,training,0.004021584056317806,0.10985688306391239,0.021468079693527566,5.70142425905329,0.6450068552343288,0.038722939416988504
148,training,0.0020175795070827007,0.06919433735311031,0.021468079693527566,5.741079511355498,0.6468050763136646,0.05391170049006109
149,training,0.0005326707032509148,0.02850012108683586,0.021468079693527566,5.780845359129699,0.649220834452826,0.0659482277403929
150,training,0.005035160109400749,0.0009985566139221191,0.021468079693527566,5.820888067363251,0.6520107501714268,0.07018195988097395
151,training,0.0029930516611784697,0.04203499481081962,0.027472669450652177,5.860614881679293,0.6547448110056122,0.06574807084617289
152,training,0.0012446579057723284,0.08259488269686699,0.027472669450652177,5.900607987908109,0.6573057023829034,0.06276168900429682
153,training,0.00793489534407854,0.06344128213822842,0.027472669450652177,5.940507527164792,0.6598885931279133,0.06807225499516158
154,training,0.0034842095337808132,0.012663841247558594,0.027472669450652177,5.9802402133858905,0.662740316514882,0.07371410353294977
155,training,0.0010052410652861,0.07448932528495789,0.027472669450652177,6.02032935854669,0.6656008181325294,0.0665064761502622
156,training,0.001583268167451024,0.12674131244421005,0.027472669450652177,6.060033074584855,0.6682108354099601,0.06709178287905887
157,training,0.0008032170590013266,0.10271428525447845,0.015141854124334754,6.099872492781909,0.6710159459116852,0.07639986295694351
158,training,0.0004297757113818079,0.12025287002325057,0.015141854124334754,6.139759807690364,0.6742860435485661,0.08626100444718675
159,training,0.005516905337572098,0.11287101171910763,0.015141854124334754,6.179341468043912,0.67791252350043,0.09539013218037926
160,training,0.0018490790389478207,0.12922688946127892,0.015141854124334754,6.219194312574434,0.6818590996986044,0.10178063956187229
161,training,0.00043421133887022734,0.12596753425896168,0.015141854124334754,6.258820450395296,0.6860308136740227,0.10860776720389063
162,training,0.0016378347063437104,0.12360713072121145,0.015141854124334754,6.298481986293459,0.6904724862481041,0.11373893562769874
163,training,0.0007921165670268238,0.1267608478665352,0.01160175836349151,6.338263541715035,0.6950779154519452,0.11591833493433512
164,training,0.00203713309019804,0.11632432788610457,0.01160175836349151,6.377830300327295,0.699726694446262,0.11797437756906351
165,training,0.0011911382898688316,0.12628339789807796,0.01160175836349151,6.417576907260264,0.7044795677508656,0.11962476240316139
166,training,0.002266518771648407,0.13361071795225143,0.01160175836349151,6.45728846048374,0.7092449440962871,0.11871372383661716
167,training,0.0011880653910338879,0.1370644439011812,0.01160175836349151,6.496857299545662,0.713997983771741,0.1200423224377093
168,training,0.004276513122022152,0.18749050423502922,0.01160175836349151,6.536627041192722,0.7188220975600652,0.12084581615401051
169,training,0.002913360483944416,0.17997333779931068,0.020386773361789196,6.5762214481792505,0.7236001902718502,0.11909350826384345
170,training,0.0008317844476550817,0.18804715201258657,0.020386773361789196,6.615954789569921,0.728329186160379,0.1176313063419506
171,training,0.0031011048704385757,0.18522798269987106,0.020386773361789196,6.655730534019987,0.7329890043468577,0.11516821641984795
172,training,0.0004653814830817282,0.19250513054430485,0.020386773361789196,6.695306463321017,0.7375489236392719,0.11372959071147037
173,training,0.0005976499523967505,0.1386948525905609,0.020386773361789196,6.735159376000407,0.7420598931613328,0.11084532313400568
174,training,0.0033834725618362427,0.13754479587078092,0.020386773361789196,6.774840160276497,0.7463639989076699,0.10558503932240997
175,training,0.0013580399099737406,0.12857599556446075,0.04853176827988408,6.814621893987325,0.7504803509561226,0.10027064988295335
176,training,0.001649825950153172,0.13077060878276822,0.04853176827988408,6.854573761292183,0.7543772228289477,0.09347046689883368
177,training,0.003137545194476843,0.11896497756242752,0.04853176827988408,6.8942378857529665,0.7579628574460622,0.08663982100436103
178,training,0.0016951924189925194,0.108174629509449,0.04853176827988408,6.914190374475295,0.7596623262127535,0.08309401356327681
179,training,0.002155822701752186,0.1007743552327156,0.04853176827988408,6.974139346121728,0.7642256196860655,0.06839840918907014
180,training,0.0012128499802201986,0.09525791183114052,0.04853176827988408,7.014028769387353,0.7667646495916207,0.05853261062802884
181,training,0.0009432262158952653,0.08230657875537875,0.0742310284275697,7.054219269102471,0.7688991282771614,0.0471789523746469
182,training,0.004848075099289417,0.06980689615011215,0.0742310284275697,7.094087312067991,0.7705432868105128,0.03511926635250954
183,training,0.004865000024437904,0.08246459811925891,0.0742310284275697,7.134185398839231,0.7717094051395205,0.022787198242418677
184,training,0.0016500191995874047,0.07907478138804437,0.0742310284275697,7.1743236659802605,0.7723986502104512,0.012445522079809037
185,training,0.0003241493250243366,0.07709407806396486,0.0742310284275697,7.21423956074368,0.772696867908903,0.0030041933421133637
186,training,0.004195660352706909,0.09600465372204779,0.08726695325369903,7.254427775581543,0.7726779183263708,-0.0037011863183628547
187,training,0.002505501266568899,0.0811520591378212,0.08726695325369903,7.294381967686258,0.7724448429316847,-0.007614062303198349
188,training,0.0009530243696644902,0.09300030767917632,0.08726695325369903,7.334373228340258,0.7720754258006448,-0.01094017967656801
189,training,0.0014653527177870274,0.13037286698818207,0.08726695325369903,7.374513127278417,0.7716016122324412,-0.011608134743527542
190,training,0.0005951706552878022,0.12499202415347099,0.08726695325369903,7.414279614107167,0.7712051560829701,-0.008006576470250217
191,training,0.003073949133977294,0.12479977868497372,0.08726695325369903,7.454342377820711,0.7709960441139615,-0.0018200938548839048
192,training,0.0015939269214868546,0.09310826659202578,0.09608623947648916,7.494262620706768,0.7710327776021229,0.00343664431222904
193,training,0.002860820386558771,0.07531766034662725,0.09608623947648916,7.534178019353135,0.7712080413564879,0.003463582738347194
194,training,0.0038816258311271667,0.10113846138119698,0.09608623947648916,7.574365775951152,0.7712804214407329,-2.1922520791424225e-05
195,training,0.0031125990208238363,0.11651930958032608,0.09608623947648916,7.614206106980717,0.7712620557643751,-0.0006327498429232333
196,training,0.0006014632526785135,0.11868624947965146,0.09608623947648916,7.654244178444947,0.7712425159224485,-7.858662834766917e-05
197,training,0.0023626061156392097,0.11289015412330629,0.09608623947648916,7.694262642398205,0.7712826529598041,0.002720281067427588
198,training,0.0021992120891809464,0.08168513327836989,0.09736382965476319,7.734121227291859,0.7714565835302593,0.005607731218087205
199,training,0.0013207461452111602,0.0803009644150734,0.09736382965476319,7.774290790293559,0.7716403239139596,0.0025391646336536474
200,training,0.001960895722731948,0.06710655242204668,0.09736382965476319,7.8142043639285035,0.7716580173557471,-0.0018260876306036805
201,training,0.0029622523579746485,0.08488685823976994,0.09736382965476319,7.854227700602666,0.7714671282304619,-0.008202016059725339
202,training,0.001436562743037939,0.08831926062703133,0.09736382965476319,7.894379255517532,0.7710144573728541,-0.013321882714762638
203,training,0.0010259469272568822,0.17531638965010646,0.09607297864817634,7.934221290776806,0.7704410410203464,-0.015159132735259718
204,training,0.0002666143700480461,0.11247151717543602,0.09607297864817634,7.974303218714727,0.7698696940823312,-0.011542472526553625
205,training,0.003890763036906719,0.13988842070102692,0.09607297864817634,8.014166815617122,0.7695814141302685,-0.0021804411828427748
206,training,0.003288415726274252,0.11390929669141771,0.09607297864817634,8.05404421076002,0.7696716613934859,0.005927274734784643
207,training,0.0008265312062576413,0.07100792974233626,0.09607297864817634,8.094194832020767,0.769934480741669,0.007622249510847124
208,training,0.0025488222017884254,0.10771044716238976,0.08980129612907059,8.154037622935022,0.7702819686800931,0.00020255076129182688
209,training,0.0011493489146232605,0.04086769372224808,0.08980129612907059,8.174143492412602,0.770238254970241,-0.005095140454492127
210,training,0.0018667238764464855,0.07377504743635653,0.08980129612907059,8.214262425098212,0.769806633111925,-0.016039205767183262
211,training,0.000944542174693197,0.07847514562308788,0.08980129612907059,8.254170966492827,0.7690205789892044,-0.022413867949405024
212,training,0.0021060784347355366,0.16104996763169765,0.08980129612907059,8.2943154590981,0.7680510496669042,-0.0248623838795571
213,training,0.0010567575227469206,0.17469052225351334,0.08980129612907059,8.334117303021197,0.7671288128440652,-0.021081561540313095
214,training,0.0019993442110717297,0.12398775294423105,0.0812069175077233,8.37406772172041,0.7664075358327794,-0.014070400218473465
215,training,0.0006498844013549387,0.1585091520100832,0.0812069175077233,8.414124375024716,0.7660095543171144,-0.0054418411129221345
216,training,0.0026774033904075623,0.09194806776940821,0.0812069175077233,8.45393103026103,0.7658919624567292,-0.0015585203730781052
217,training,0.0007054056040942669,0.10118424333631994,0.0812069175077233,8.494038804312998,0.7658487394967711,-0.0012097051032752984
218,training,0.0012499323347583413,0.08364355191588402,0.0812069175077233,8.533971891259958,0.7657866906151914,-0.001889235237583941
219,training,0.0024205478839576244,0.08278469741344455,0.0812069175077233,8.573927736269258,0.7656833869688008,-0.0038799412077710955
220,training,0.0025856178253889084,0.011369764804840088,0.07596666092199152,8.614138844502397,0.7654166336780487,-0.01158174527670663
221,training,0.0021478673443198204,0.0394381582736969,0.07596666092199152,8.654059091734073,0.7646879001598373,-0.026126002474351668
222,training,0.001031607622280717,0.11807834170758726,0.07596666092199152,8.694180254803328,0.763405661653063,-0.03696808448235524
223,training,0.0058122132904827595,0.1517495233565569,0.07596666092199152,8.734134017864779,0.7618604704805477,-0.03955804935723075
224,training,0.003541733603924513,0.09804357588291168,0.07596666092199152,8.773966820923816,0.7603538219366204,-0.035281608777753326
225,training,0.00424925796687603,0.06372097134590149,0.07596666092199152,8.81405997014798,0.7590549560876991,-0.028914789707898795
226,training,0.002406953601166606,0.0694439262151718,0.073648146280883,8.853889376354207,0.7579739905332011,-0.026810949576331154
227,training,0.0004902132786810398,0.13842357136309147,0.073648146280883,8.893888093699577,0.7568998261542391,-0.027401996231086908
228,training,0.005357671063393354,0.12757779471576214,0.073648146280883,8.933933598007505,0.7558486033645676,-0.02440093655484262
229,training,0.0035990611650049686,0.1310570351779461,0.073648146280883,8.973737439676928,0.7549416533930029,-0.021474187962411528
230,training,0.0007258129771798849,0.11678704433143139,0.073648146280883,9.013836631974105,0.7541319901434472,-0.01930555170989428
231,training,0.0013783934991806746,0.04291803389787675,0.08018308544797834,9.073655167262622,0.7529521004548972,-0.021160966142134422
232,training,0.003874124027788639,0.0815008282661438,0.08018308544797834,9.093677399378967,0.7525156833897395,-0.023234027933102162
233,training,0.001437018858268857,0.051877412945032106,0.08018308544797834,9.1338577693506,0.7514534975858224,-0.029647288580440977
234,training,0.002242777030915022,0.06234072148799896,0.08018308544797834,9.173646748921099,0.7501656725178599,-0.03512396982672213
235,training,0.001181409927085042,0.07725689001381397,0.08018308544797834,9.213699149251271,0.748717757911595,-0.036802299808445904
236,training,0.0013333227252587676,0.1365155354142189,0.08018308544797834,9.253641753218837,0.7472698442902383,-0.035409462601003125
237,training,0.0013244134606793523,0.02782142348587513,0.07225424363983131,9.293501964224355,0.7459361527811396,-0.031236160977381033
238,training,0.001425021793693304,0.1300083585083485,0.07225424363983131,9.333607320818771,0.7447804476209786,-0.025859344962604756
239,training,0.0020869215950369835,0.041871652007102966,0.07225424363983131,9.373429365701305,0.7438419157021183,-0.02220833727331723
240,training,0.0017021328676491976,0.05294360965490342,0.07225424363983131,9.413438192771306,0.7429746926800752,-0.021874269044460402
241,training,0.0016024095239117742,0.05216628499329089,0.07225424363983131,9.45347353036626,0.7421268261717767,-0.02029554194292675
242,training,0.0005139781860634685,0.0420379638671875,0.07225424363983131,9.493324626329663,0.7413204783228573,-0.021378830465043155
243,training,0.0031582950614392757,0.05609972774982453,0.01853754782209682,9.533467747203307,0.7403999190789563,-0.02543294473145623
244,training,0.000390838977182284,0.08418185450136662,0.01853754782209682,9.573289713525016,0.7393249601615695,-0.02783215612435951
245,training,0.0005987939657643437,0.05081290937960148,0.01853754782209682,9.613225532620278,0.7382576668024978,-0.025342942923639356
246,training,0.002945950487628579,0.06623238883912563,0.01853754782209682,9.653342458092835,0.7372795382102784,-0.024328437059736942
247,training,0.0006188047118484974,0.04799877479672432,0.01853754782209682,9.693149829493644,0.7362623968213097,-0.027901640080299495
248,training,0.002689636079594493,0.10293043032288551,0.01853754782209682,9.733236757007147,0.7350673929321503,-0.031721023690876975
249,training,0.002053941832855344,0.05359283648431301,0.023774055676239855,9.773196118449304,0.7337723828493959,-0.03273310107851487
250,training,0.0013912658905610442,0.02639281935989856,0.023774055676239855,9.813089940668444,0.7324691225404459,-0.03319766741815688
251,training,0.002565425354987383,0.028882743790745735,0.023774055676239855,9.853229732621866,0.7311085561590746,-0.03540397084531267
252,training,0.0007925936370156705,0.04493629559874534,0.023774055676239855,9.893024447031065,0.7296336200219615,-0.03910656852608997
253,training,0.0006737533258274198,0.0372174046933651,0.023774055676239855,9.933017434117465,0.7280759432512146,-0.03794130419729784
254,training,0.0011832411400973797,0.040156871080398567,0.023774055676239855,9.972992711700496,0.7266135076036656,-0.03579777799335971
255,training,0.00039275590097531676,0.0120469368994236,0.031106182651927182,10.012820708627993,0.725209354731193,-0.03541281425079429
256,training,0.00243502389639616,0.0006861519068479538,0.031106182651927182,10.052937858963347,0.7237609046126068,-0.03749107892649811
257,training,0.000607131514698267,0.037372732535004616,0.031106182651927182,10.092814888668872,0.722195373706925,-0.04205994778921287
258,training,0.0009508588118478656,0.01754331775009632,0.031106182651927182,10.132764805654386,0.7204472226958718,-0.044493694710249054
259,training,0.00045290609705261886,0.028527129441499707,0.031106182651927182,10.17283029148608,0.7186549789568278,-0.04477265524702455
260,training,0.0005128868506290019,0.028695186600089073,0.031106182651927182,10.212580381570577,0.7168671212380274,-0.045459135970336226
261,training,0.0003393080551177263,0.013096533715724949,0.03888821862723272,10.252627142048835,0.7150454714409423,-0.04556174301496048
262,training,0.0009604374063201249,0.026497021317481995,0.03888821862723272,10.29248584011373,0.7132163498117965,-0.04754500917292943
263,training,0.0009596353629603982,0.024245329666882753,0.03888821862723272,10.332367177685043,0.7112811259470111,-0.04887932892874773
264,training,0.0004925260436721146,0.017853968311101198,0.03888821862723272,10.372442984315933,0.7093665399287906,-0.045892746806146544
265,training,0.0010219812393188477,0.004720197990536686,0.03888821862723272,10.412182940374946,0.7076166323850702,-0.043176255007308977
266,training,0.0007701199501752853,0.020058498717844486,0.043017532434840376,10.45219587610489,0.7059051687061219,-0.04416954729329019
267,training,0.0013604185078293085,0.007770877797156572,0.043017532434840376,10.49220201964123,0.7040315338049876,-0.05023662722860985
268,training,0.0008673944976180792,0.014543143566697836,0.043017532434840376,10.53202352810338,0.7019294579885186,-0.054356293978999985
269,training,0.0004431381239555776,0.006283923517912626,0.043017532434840376,10.572086998756337,0.699734019378349,-0.05435691006373613
270,training,0.0011753651779145002,0.0027722734957933426,0.043017532434840376,10.611888598484379,0.6975976485640631,-0.05453718215869658
271,training,0.0011917452793568373,0.00019245222210884094,0.043017532434840376,10.651821841706122,0.6953814111589866,-0.05624937155946512
272,training,0.0006303067784756422,0.015464470954611897,0.03739693083447945,10.691842885000328,0.6931298335916947,-0.055983851823752914
273,training,0.001194058102555573,0.04595012404024601,0.03739693083447945,10.731607748069145,0.6908668725246561,-0.05839841977560329
274,training,0.0016077347099781036,0.010276210494339468,0.03739693083447945,10.771637702910267,0.688487992074283,-0.05982547680435564
275,training,0.0007406419608741999,0.005009924992918968,0.03739693083447945,10.811458076867797,0.6861235494985243,-0.059623754738546406
276,training,0.0005514728254638612,0.018419677391648293,0.03739693083447945,10.85132089276336,0.6837492076740469,-0.059280459860228334
277,training,0.0010411208495497704,0.016114942729473114,0.03739693083447945,10.891364267022311,0.6813991118502731,-0.057960753685426414
278,training,0.0011275619035586715,0.02108262106776238,0.02364241576610199,10.93109477065819,0.6791128543092577,-0.057956307555326436
279,training,0.0010818452574312687,0.0027945097535848618,0.02364241576610199,10.971079118001331,0.6767896831220293,-0.058281774533846364
280,training,0.002667998196557164,0.011930026113986966,0.02364241576610199,11.010985184551773,0.6745017509943739,-0.055507213437094166
281,training,0.0002616093261167407,0.008994480594992638,0.02364241576610199,11.050754464824466,0.6724298251250277,-0.0483330926613968
282,training,0.0001968143042176962,0.013470891863107685,0.02364241576610199,11.090826139443745,0.6705944078210662,-0.04347104990486211
283,training,0.00011722549970727414,0.028754083439707756,0.02364241576610199,11.130592411266065,0.6689496551881448,-0.040123314288861865
284,training,0.000984481768682599,0.02322321571409702,0.011692444190238517,11.170522123526988,0.6674773652062623,-0.03274284777985996
285,training,0.0005290197441354394,0.001108221709728241,0.011692444190238517,11.210555433676124,0.6663412404646628,-0.023480105238670914
286,training,0.0027237499598413706,0.01050295471213758,0.011692444190238517,11.250333437832586,0.6655641076076477,-0.017169735003980727
287,training,0.000681507692206651,0.028268031775951385,0.011692444190238517,11.290427871850536,0.6649335675759604,-0.014302759949122093
288,training,0.000885671703144908,0.011925779283046722,0.011692444190238517,11.330311263675126,0.6644489812577207,-0.009421229021297963
289,training,0.00031009010854177177,0.021384796127676964,0.011692444190238517,11.370242268903963,0.6641432287872113,-0.006578716007614751
290,training,0.00027035115635953844,0.040618784725666046,0.012721929311777867,11.410413450655433,0.6638560903399962,-0.00832881140511865
291,training,0.0005101971910335124,0.03911323845386505,0.012721929311777867,11.450264490036314,0.6634088998673512,-0.01521942048739768
292,training,0.0006354094366542995,0.0445720162242651,0.012721929311777867,11.49037960910894,0.6626440605016631,-0.02311227271319926
293,training,0.0004115244373679161,0.04108891822397709,0.012721929311777867,11.530380852697759,0.6615806062655455,-0.02971582632618112
294,training,0.0024047240149229765,0.036130390129983425,0.012721929311777867,11.570278026819198,0.6602935317996286,-0.0347431232959524
295,training,0.0004819791647605598,0.02505655400454998,0.009773477577686452,11.61041717508202,0.658832047347509,-0.037800583536952134
296,training,0.0007181137334555387,0.0032946690917015076,0.009773477577686452,11.670158740025652,0.6565105877253592,-0.039400094751613074
297,training,0.0003026507329195738,0.004671383649110787,0.009773477577686452,11.69017095461456,0.6557516280599908,-0.03598977346298684
298,training,0.0008109298069030046,0.0015793070197105373,0.009773477577686452,11.730183766844307,0.6544560180400334,-0.028589407212238994
299,training,0.0012292249593883753,0.001693379133939743,0.009773477577686452,11.769970013327582,0.6534443043703786,-0.022663559129019722
300,training,0.0013685006415471435,0.007757479324936867,0.009773477577686452,11.810055650364815,0.6526559370022044,-0.016054919827027427
301,training,0.0007550388108938932,0.01160810142755508,0.012194259430266212,11.869851583749695,0.651974580215816,-0.007183667305263576
302,training,0.0008918911917135119,0.008027391042560339,0.012194259430266212,11.889859183957112,0.6518527787227889,-0.005542871689374501
303,training,0.0007458832114934921,0.020256299525499347,0.012194259430266212,11.930003052565162,0.6516449389183067,-0.005075943377074637
304,training,0.0009434239473193884,0.016475036274641752,0.012194259430266212,11.969827098443382,0.6514368699897687,-0.005707450543071252
305,training,0.0008138427510857582,0.011040238197892904,0.012194259430266212,12.009915765058377,0.6511873062068986,-0.00728834925459624
306,training,0.0011313310824334621,0.02599631994962692,0.021493394737467572,12.069836571376124,0.6506817365929968,-0.009390814319357527
307,training,0.0008134169038385153,0.04121815226972103,0.021493394737467572,12.089828272073408,0.6504912506716447,-0.009978713234050699
308,training,0.0007790857926011086,0.009872730821371078,0.021493394737467572,12.130002475154505,0.6500473154033687,-0.012671191757424002
309,training,0.0005116731626912951,0.010159078985452652,0.021493394737467572,12.169722420308313,0.649562776552955,-0.010166844724888045
310,training,0.0006935829296708107,0.041744550690054893,0.021493394737467572,12.209690702859168,0.6493159265050933,-0.0007784021056568963
311,training,0.003968604374676943,0.020605249330401414,0.021493394737467572,12.249723617743282,0.6494182507677051,0.005248241882390527
312,training,0.0011465044226497412,0.0052930451929569244,0.026779073141466957,12.289546254962291,0.6497417776508733,0.010932697251619983
313,training,0.001978356624022126,0.009971545077860355,0.026779073141466957,12.32962844318382,0.6503384902454268,0.02000543353032277
314,training,0.0008618825813755393,0.009630962274968624,0.026779073141466957,12.369444588026019,0.651277592992408,0.02517274281167372
315,training,0.00028208427829667926,0.009831244125962257,0.026779073141466957,12.409419676276812,0.6522394285940807,0.021984676973178807
316,training,0.0005685562500730157,0.0030899662524461746,0.026779073141466957,12.449588409506237,0.653047477972508,0.019654847727505288
317,training,0.0003533767885528505,0.04342337977141142,0.026779073141466957,12.489379966749981,0.6538224885307349,0.018577286317433158
318,training,0.0009936008136719465,0.02797432616353035,0.020277373917176898,12.529439016617971,0.6546274740734908,0.02288034133203331
319,training,0.0005265137879177928,0.054160513915121555,0.020277373917176898,12.569361706241159,0.655612745722986,0.026482534579893715
320,training,0.00030985093326307833,0.04787985235452652,0.020277373917176898,12.609208577909605,0.6568109547972356,0.03415463304819012
321,training,0.000414799404097721,0.059737639501690865,0.020277373917176898,12.649300289127577,0.6583160351940854,0.0412187075531693
322,training,0.0017966772429645061,0.03034036234021187,0.020277373917176898,12.689016552344937,0.6600969653642171,0.0483121566347957
323,training,0.0005904527497477829,0.01510675810277462,0.020277373917176898,12.7289907737451,0.662077905615678,0.04933429796580891
324,training,0.0006870225188322365,0.021042736247181892,0.01809719884275273,12.769018017352211,0.6639896914922911,0.04548990070212787
325,training,0.0007258756668306887,0.03201489336788654,0.01809719884275273,12.808857726012132,0.6657282156589711,0.04148359106350368
326,training,0.00040075427386909723,0.027443060651421554,0.01809719884275273,12.848984883350358,0.6673194636701673,0.03808688806273856
327,training,0.0014589156489819288,0.019535463303327553,0.01809719884275273,12.908819620463735,0.6694597663050508,0.03324686398756392
328,training,0.00046688885777257383,0.055469686165452,0.01809719884275273,12.928844336154299,0.6701142914623938,0.031907405086063004
329,training,0.0012780558317899704,0.05309722200036048,0.01809719884275273,12.968980815486173,0.6713630276596723,0.031972309985816696
330,training,0.00036262968205846846,0.02691570296883583,0.01851775541650056,13.008734974341696,0.6727144588610439,0.035633872539025495
331,training,0.0009571919799782336,0.02096220664680004,0.01851775541650056,13.048801278701427,0.6741905190456551,0.036637069581138056
332,training,0.0013784258626401424,0.04074823483824729,0.01851775541650056,13.088760253966392,0.6755934432924615,0.0333921445148672
333,training,0.0007935864268802106,0.046760568395256996,0.01851775541650056,13.128673736341437,0.6768894535768873,0.0320217326946378
334,training,0.0005142065929248929,0.04235621728003025,0.01851775541650056,13.168811475882103,0.6781820318156514,0.032698520402052636
335,training,0.0008647476206533611,0.03893818333745002,0.01851775541650056,13.208595006107995,0.6795167579590912,0.034234914392913186
336,training,0.0008806767291389406,0.021675232797861092,0.012257431385564975,13.24861946901349,0.6809019023348689,0.034121150538210576
337,training,0.0016856652218848467,0.03493145480751991,0.012257431385564975,13.288661431334628,0.6821856416716594,0.02959434060656579
338,training,0.0016352299135178328,0.08989203348755836,0.012257431385564975,13.328543550075258,0.6833076897580308,0.02694531665295193
339,training,0.0007046909886412323,0.07844508439302444,0.012257431385564975,13.368641936340156,0.6844679095200091,0.03297868306345608
340,training,0.001155603677034378,0.05030277185142041,0.012257431385564975,13.408465143019246,0.6859094001935486,0.03914347403969648
341,training,0.0007252459181472659,0.03684526868164539,0.010077049997813576,13.448418407976208,0.6875101027192733,0.039689868345625136
342,training,0.0014112095814198256,0.07105067372322083,0.010077049997813576,13.488531858200657,0.6890619359935113,0.03671141874790266
343,training,0.0010329108918085694,0.08268584311008453,0.010077049997813576,13.528320850805025,0.6905032959400277,0.036853168707119494
344,training,0.0007270454079844058,0.028273284435272217,0.010077049997813576,13.568380033014693,0.6920325221626555,0.040124840038319384
345,training,0.0009818037506192923,0.04573934152722359,0.010077049997813576,13.608373051562111,0.6936305585917284,0.03855886145210933
346,training,0.0004318440624047071,0.05651509203016758,0.010077049997813576,13.64830383153205,0.6951020360201937,0.03481320475996212
347,training,0.0009877331322059035,0.06812317296862602,0.0073613331569385605,13.688457055756992,0.6964601134580798,0.03347846675963068
348,training,0.0006342135020531714,0.06496724486351013,0.0073613331569385605,13.728238499943986,0.6978014991748963,0.034098470244514255
349,training,0.0007029940607026219,0.06870982609689234,0.0073613331569385605,13.768268450617471,0.6991956920837701,0.035010616625520866
350,training,0.00046673649922013283,0.08061135187745094,0.0073613331569385605,13.808242224175366,0.7005953947377601,0.03542136988935425
351,training,0.0006532244151458144,0.09988044947385788,0.0073613331569385605,13.848086851440478,0.7020611612024281,0.03873193326536284
352,training,0.000551898090634495,0.08905666321516036,0.0073613331569385605,13.888170297222866,0.7037118822689913,0.04457186889938145
353,training,0.00014995360106695443,0.0951848104596138,0.023646846512602782,13.927955269923222,0.7055912258023641,0.04940832902616699
354,training,0.00025022844783961773,0.08971308544278146,0.023646846512602782,13.967879843552577,0.7076540543223395,0.053605482914372955
355,training,0.000428374158218503,0.08299634978175165,0.023646846512602782,14.007904007790243,0.7098406268215214,0.055030885837240424
356,training,0.0005554374074563384,0.0801735669374466,0.023646846512602782,14.04764507404531,0.7120702800272088,0.05601857427623074
357,training,0.0012048529461026192,0.07631510123610497,0.023646846512602782,14.107721023840366,0.7153874282402148,0.05339677414529662
358,training,0.00037119726766832173,0.060737222433090224,0.048157630606933975,14.12755815340409,0.7164470782271402,0.05238956351210101
359,training,0.0006117167067714036,0.05250506103038788,0.048157630606933975,14.16750003265051,0.7184153610906047,0.045022360149169514
360,training,0.0002733126748353243,0.04648081213235854,0.048157630606933975,14.207713293140152,0.7200293747884872,0.03514572196290535
361,training,0.00021248849225230515,0.04622629284858702,0.048157630606933975,14.247552039582375,0.7212300581007564,0.02493091704841879
362,training,0.00035208649933338165,0.030981898307800293,0.048157630606933975,14.28767032763734,0.7220665351100448,0.016940542905639733
363,training,0.0006271147867664695,0.015601083636283875,0.05422757167339444,14.327721157003658,0.7225892270580745,0.00930748322330259
364,training,0.0018194550648331642,0.005649104714393616,0.05422757167339444,14.367682087029229,0.7227661102835824,-0.0014113403354566766
365,training,0.000244539842242375,0.0038669519126415253,0.05422757167339444,14.407940519185995,0.7224531161726536,-0.013965669812962744
366,training,0.0009154119179584086,0.006010811775922775,0.05422757167339444,14.447863221246145,0.7216702372454343,-0.02525878863199892
367,training,0.0008166612242348492,0.00032597035169600747,0.05422757167339444,14.487934204184215,0.720445553772611,-0.03560141319865559
368,training,0.002072687726467848,0.017186174169182777,0.055062379855127595,14.528026925460017,0.7188698217013437,-0.04285009529444318
369,training,0.0009006321779452264,0.018093151971697807,0.055062379855127595,14.56782729026122,0.7170358672286565,-0.04796979716547009
370,training,0.0016536855837330222,0.039699507877230644,0.055062379855127595,14.607895163406306,0.7150977049910027,-0.0484547302309661
371,training,0.0004203061107546091,0.03450529184192419,0.055062379855127595,14.6477144769659,0.7132362503749687,-0.04531921535809637
372,training,0.0016814684495329857,0.0070039499551057816,0.055062379855127595,14.687619701090131,0.7114993942542074,-0.041868009360163605
373,training,0.0004553779144771397,0.014117917977273464,0.055062379855127595,14.727694779493218,0.7098801292484329,-0.039094151614994105
374,training,0.00029941051616333425,0.029637353494763374,0.04633076410644601,14.76740716502127,0.70839825800217,-0.035484058702305345
375,training,0.0005960502894595265,0.02194447349756956,0.04633076410644601,14.807432431653886,0.7070973269390095,-0.028786688239650464
376,training,0.0005124531453475356,0.007541109807789326,0.04633076410644601,14.84734947353581,0.7060894466774403,-0.022076750424665746
377,training,0.0011028952430933714,0.010097634512931108,0.04633076410644601,14.887220726968232,0.7053217205668557,-0.017455614474519533
378,training,0.0011333349393680692,0.0041139777749776806,0.04633076410644601,14.927365128295675,0.7046583817644883,-0.016269086866051823
379,training,0.00024174487043637782,0.02834162348881364,0.04633076410644601,14.967238910975572,0.7039571897668387,-0.019834109900935742
380,training,0.0005717573221772909,0.023357298225164413,0.03569204513758232,15.007285086001646,0.7030732042334397,-0.024787508246757527
381,training,0.00097919802647084,0.02064826339483261,0.03569204513758232,15.047348239248338,0.7019853282276787,-0.02965931949706403
382,training,0.0006294763879850507,0.025392906740307808,0.03569204513758232,15.087199331515947,0.7007242010249697,-0.03288266274494898
383,training,0.0006223766249604523,0.012535511050373316,0.03569204513758232,15.12731505546995,0.699371016308873,-0.03473376299667534
384,training,0.0007334123365581036,0.0249168798327446,0.03569204513758232,15.167119893045566,0.697977893576622,-0.03510357510647409
385,training,0.0004144691047258675,0.000537245534360407,0.03569204513758232,15.20704887381381,0.6966500009134826,-0.03103456163166272
386,training,0.0007480371277779341,0.016511311754584312,0.021103877683988383,15.247134403208118,0.6954897706538943,-0.026880783091016495
387,training,0.0007893072906881571,0.009986321441829205,0.021103877683988383,15.28692364999304,0.6944531832538228,-0.0263501347587909
388,training,0.0002558537235017866,0.005297578871250153,0.021103877683988383,15.327000547950115,0.6933935163133892,-0.026659506666489072
389,training,0.0004119503137189895,0.003406792413443327,0.021103877683988383,15.366947031956892,0.6923319379943983,-0.02707141167934943
390,training,0.00039710840792395175,0.0037594791501760483,0.021103877683988383,15.406856930197854,0.6912356845046357,-0.02802113715075455
391,training,0.0009272045572288334,0.0039036478847265244,0.021103877683988383,15.446998729194373,0.6900928134185931,-0.029153767521147442
392,training,0.0021185569930821657,0.016810989007353783,0.006744399353905186,15.486796481384753,0.6889147918915354,-0.02994830798358711
393,training,0.0004501110524870455,0.02186570130288601,0.006744399353905186,15.52680623334554,0.6877612495058838,-0.027333344725188106
394,training,0.0005500615807250142,0.034414377063512795,0.006744399353905186,15.566797668190896,0.6867377682794861,-0.023935104031105183
395,training,0.0007144927512854338,0.047199524939060204,0.006744399353905186,15.606652870275102,0.6858386283131208,-0.022027607027294394
396,training,0.0009591120178811252,0.0728746559470892,0.006744399353905186,15.646787373802328,0.6849446299432441,-0.022903882633670335
397,training,0.0002668176020961255,0.06432629376649857,0.006744399353905186,15.686653412827608,0.6840107040878121,-0.024330145254793174
398,training,0.0005314075388014317,0.04741492122411728,0.004394997217359101,15.726625660637643,0.6830407348778006,-0.02411558326651436
399,training,0.0003275856142863631,0.008871267549693584,0.004394997217359101,15.766725021420426,0.6820875018005774,-0.02343673706586075
400,training,0.0003545113722793758,0.016186199616640806,0.004394997217359101,15.806542143885359,0.6811145945765217,-0.02602788682702524
401,training,0.00043919807649217546,0.034159956499934196,0.004394997217359101,15.846655602035812,0.6799886427396915,-0.03056285592888332
402,training,0.001053071697242558,0.013368571177124977,0.004394997217359101,15.886611878546574,0.6787525065665203,-0.030506344461644443
403,training,0.0002002701658057049,0.007585264276713133,0.0116017958995274,15.926517789196629,0.6775696989185788,-0.02869634285434439
404,training,0.001009733066894114,0.047949124127626426,0.0116017958995274,15.96664482151483,0.6764461492051457,-0.027309760139356255
405,training,0.0007254065712913871,0.02830033004283905,0.0116017958995274,16.00643659871033,0.6753854717511,-0.026532840435501373
406,training,0.0007004895596764982,0.0014707129448652267,0.0116017958995274,16.046461878120013,0.6743598846836504,-0.023484148273635055
407,training,0.0011564556043595076,0.010594207793474197,0.0116017958995274,16.086472119805983,0.673480967387346,-0.02166571090778798
408,training,0.00031493784626945853,0.00603112019598484,0.0116017958995274,16.12635777027576,0.6726035445352576,-0.02312788329712523
409,training,0.002064209897071123,0.006845381110906601,0.025181280879123736,16.16649768242381,0.6716429844899644,-0.024607336977030984
410,training,0.00016237386444117874,0.010919259861111641,0.025181280879123736,16.206350009357845,0.6706408090814541,-0.026113378586091175
411,training,0.0007048974512144923,0.01857283804565668,0.025181280879123736,16.246342789848732,0.6695597070217568,-0.02834586894239375
412,training,0.0012877737171947956,0.015504474751651287,0.025181280879123736,16.28643558470282,0.6683916506508211,-0.029780032236862625
413,training,0.00035171437775716186,0.015601543709635735,0.025181280879123736,16.32624545474305,0.6671863361928922,-0.030773390999717758
414,training,0.00032909493893384933,0.003458704799413681,0.02602928171085583,16.366332917520005,0.6659495128927152,-0.030657972782510284
415,training,0.0006089925882406533,0.01570042222738266,0.02602928171085583,16.406171665764738,0.6647693239708311,-0.02816212856664477
416,training,0.0003316319198347628,0.006806009449064732,0.02602928171085583,16.446068955408975,0.6637494938505304,-0.02283216085779297
417,training,0.0003398411790840328,0.020118411630392075,0.02602928171085583,16.486199524836117,0.66288661626961,-0.020483320528571092
418,training,0.000737776281312108,0.02641409263014793,0.02602928171085583,16.526000258429413,0.6620928651169267,-0.020288048015021532
419,training,0.0004913414595648646,0.026138436049222943,0.02602928171085583,16.566059743613806,0.6612655202641561,-0.021404471257070765
420,training,0.0006825805176049471,0.019979853183031082,0.0317248257342603,16.606061475429453,0.6603856075281577,-0.022730996507147067
421,training,0.000454071065178141,0.027238886803388596,0.0317248257342603,16.645950525297074,0.6594580499444834,-0.023758239040126267
422,training,0.0006465953774750233,0.019910350441932678,0.0317248257342603,16.706027266488412,0.6580092793247169,-0.02489145210451765
423,training,0.0002850774908438325,0.03900058940052986,0.0317248257342603,16.72592970011826,0.6575163030328116,-0.024988495127042265
424,training,0.0010038032196462154,0.01960389316082001,0.0317248257342603,16.765935383421446,0.6565043495809028,-0.026676243125785114
425,training,0.0011885282583534718,0.006903413683176041,0.04162944793303663,16.805998859176416,0.6554269907925073,-0.02660330796612504
426,training,0.0007198897073976696,0.01848393119871616,0.04162944793303663,16.845809974447075,0.6544185272123818,-0.02388767977864145
427,training,0.0004598593804985285,0.0340277049690485,0.04162944793303663,16.88590767815736,0.6535160282181903,-0.021616178505616528
428,training,0.0021528261713683605,0.03049991838634014,0.04162944793303663,16.92581890528437,0.6526644200313406,-0.02196200619613994
429,training,0.0006349143222905695,0.017180707305669788,0.04162944793303663,16.965767068381947,0.6517766854998408,-0.022433198842706434
430,training,0.0002936194359790534,0.008846037089824673,0.04162944793303663,17.005892355063086,0.6509038401404279,-0.020242353710102367
431,training,3.670182195492089e-05,0.015203135088086128,0.0434271831062075,17.0456777636539,0.650153468883783,-0.017938848451141343
432,training,0.00047200077096931636,0.013909917324781418,0.0434271831062075,17.085737530033278,0.6494693920848369,-0.016483428454450805
433,training,0.001131987664848566,0.02175508625805378,0.0434271831062075,17.12570983025054,0.6488305502576225,-0.015538626181144453
434,training,0.00040190183790400624,0.011424994096159932,0.0434271831062075,17.18565967253481,0.6479568246977306,-0.013623575109403076
435,training,0.00012339188833720982,0.024283627048134804,0.0434271831062075,17.205742428186305,0.6476896483653171,-0.012209295123837262
436,training,0.0005763203953392804,0.031501902267336845,0.0434271831062075,17.24557677959629,0.647246856168995,-0.010470005351799073
437,training,0.0010819986928254366,0.020293472334742546,0.0410368686496832,17.285592397393003,0.6468545147783329,-0.009787700769356077
438,training,0.00041475563193671405,0.009187871590256691,0.0410368686496832,17.32564350448905,0.646458519447022,-0.009773528803707264
439,training,0.0005164418835192919,0.012574363499879837,0.0410368686496832,17.365498025316555,0.6461013937671275,-0.00769919230315874
440,training,0.0012902386952191591,0.01962118037045002,0.0410368686496832,17.40561014426513,0.6458523349198294,-0.0046525913767003066
441,training,0.0004583281697705388,0.01127101480960846,0.0410368686496832,17.445497040270013,0.6457072120074017,-0.0028549071391627953
442,training,0.0008121420396491885,0.00814639125019312,0.0410368686496832,17.485459832955208,0.645623442133772,-0.0015701753506962683
443,training,0.00021932854724582285,0.014291882514953612,0.024984239634375575,17.52558663492174,0.6455746411876633,-0.0005477883928453603
444,training,0.0007221822161227465,0.0033848900347948074,0.024984239634375575,17.56540822298834,0.6455719784201679,-0.00022865128561135351
445,training,0.0005628668586723506,0.02674492634832859,0.024984239634375575,17.605482892294592,0.6455816654632782,0.0017715079880651653
446,training,0.0009767962619662285,0.011653882451355459,0.024984239634375575,17.665317242685322,0.6459054615095356,0.010618051274378705
447,training,0.00033409136813133955,0.02485958836041391,0.024984239634375575,17.68529178441251,0.6461531290102118,0.013713457162949723
448,training,0.0005894299829378724,0.022910524159669876,0.024984239634375575,17.725415809046382,0.6467916255595653,0.018523451080816402
449,training,0.0006224020617082715,0.01655308110639453,0.027370526334427454,17.765194374742535,0.6476258736966642,0.023311493890849945
450,training,0.0010584003757685423,0.009902118705213072,0.027370526334427454,17.805195674297924,0.6486316372964239,0.02666076527257727
451,training,0.0007450812263414264,0.0002286173403263092,0.027370526334427454,17.84521716968238,0.6497271514359841,0.027728978774908486
452,training,0.0006857857224531472,0.003659954760223627,0.027370526334427454,17.885068745196158,0.6508367178294531,0.027235005413683865
453,training,0.00021609912801068276,0.004342496395111084,0.027370526334427454,17.925202500585787,0.6519002011603399,0.02555985097562528
454,training,0.00046055656275711954,0.010769233107566833,0.02446969686607238,17.965129731661534,0.6528584419363944,0.022206785998997388
455,training,0.0005754476878792048,0.02302010916173458,0.02446969686607238,18.00511285612687,0.6536865780181753,0.019491197594967515
456,training,0.0004688935005106032,0.015365095809102055,0.02446969686607238,18.045258039210395,0.6544382421969954,0.01917676132777053
457,training,0.0002513905637897551,0.007501026615500447,0.02446969686607238,18.085047962213576,0.6552314315113278,0.019797859172481596
458,training,0.00031500973273068666,0.030133863911032677,0.02446969686607238,18.125144792132673,0.6560064136145863,0.018442472026408717
459,training,0.00027058846899308264,0.0313134603202343,0.02446969686607238,18.16513811748917,0.6567220053173755,0.0187165677782209
460,training,0.0007269057678058743,0.03283242415636778,0.022949021540783016,18.2050361261255,0.6575316388079112,0.021705482159080514
461,training,0.0003121101181022823,0.051353003829717636,0.022949021540783016,18.24516616279028,0.6584738593059237,0.02602134538220062
462,training,0.0007796313147991896,0.06643168441951275,0.022949021540783016,18.304875967576052,0.6603093771446749,0.03582529087684734
463,training,0.0007418438908644021,0.05493507720530033,0.022949021540783016,18.32489877707692,0.6610606565886138,0.04000621981804263
464,training,0.00030146303470246494,0.057804904878139496,0.022949021540783016,18.36484634455834,0.6627975295643072,0.04682385600936427
465,training,0.0005169583018869162,0.05264687165617943,0.022949021540783016,18.40462628628262,0.6647767607239865,0.05147650550379329
466,training,0.0002699171018321067,0.11967875994741918,0.014605223585451667,18.44468153047093,0.6668980415466561,0.05440665311351787
467,training,0.000964841921813786,0.12257846444845198,0.014605223585451667,18.484462880380512,0.6691350877613237,0.05855276674141863
468,training,0.0006399977137334645,0.13489847257733345,0.014605223585451667,18.5243321087919,0.6715952688160168,0.06454528067470383
469,training,0.00029433611780405045,0.14004557579755783,0.014605223585451667,18.564307157590537,0.674279362836984,0.06940000187944291
470,training,0.0003106913063675165,0.14870712533593178,0.014605223585451667,18.603963934516706,0.677165864526314,0.07551268585748788
471,training,0.0031622955575585365,0.1111474372446537,0.014605223585451667,18.643893921748905,0.6802977628296971,0.08114903855164023
472,training,0.0005745567032136023,0.1365273967385292,0.03878731776545322,18.683638683581066,0.683615106593838,0.08493470102713177
473,training,0.0004962811945006251,0.12347930297255519,0.03878731776545322,18.72341140899369,0.6870625264335193,0.0868970096288021
474,training,0.0029130117036402225,0.12206199020147324,0.03878731776545322,18.76337162046312,0.6905310615891034,0.08511437575913869
475,training,0.0004917677724733949,0.11512744240462783,0.03878731776545322,18.803058624310765,0.693862271285823,0.08193800005306416
476,training,0.000983706209808588,0.11440506577491757,0.03878731776545322,18.843005574165833,0.6970631129431787,0.07753385079060135
477,training,0.0005233484553173184,0.09625352546572684,0.03878731776545322,18.882938065212397,0.700047158665938,0.0715046534812447
478,training,2.6690873710322194e-05,0.1260276548564434,0.05935354999122173,18.922725987944265,0.7028110908267701,0.06702475424433278
479,training,0.00016249554755631834,0.12270291149616244,0.05935354999122173,18.96280508770387,0.7054154036393543,0.06252873488756959
480,training,0.0002837538195308298,0.11562923528254032,0.05935354999122173,18.982758218969558,0.7066418731489802,0.05999050500491594
481,training,0.0008622743189334869,0.12604964897036552,0.05935354999122173,19.04255161813073,0.7100904637421331,0.05524526014951214
482,training,0.0005263847997412086,0.09607570245862007,0.05935354999122173,19.082612184330483,0.7122525567984238,0.05246862120796068
483,training,0.00017411647422704846,0.12837356515228748,0.05935354999122173,19.122374624119175,0.7143277557206473,0.05151740985132534
484,training,0.0023405130486935377,0.09658108837902545,0.06981342891305085,19.162432105221107,0.7163800169914801,0.050700882975049356
485,training,0.0018252474255859852,0.11366651207208633,0.06981342891305085,19.202279653551656,0.7183790432490036,0.049079515079532475
486,training,0.00032250466756522655,0.08278915286064148,0.06981342891305085,19.242208822982317,0.7202465124087265,0.04359314514294912
487,training,0.0007937212358228862,0.08253813162446022,0.06981342891305085,19.28241996668614,0.7218180687531616,0.03407465622345091
488,training,0.0016269466141238809,0.0746605321764946,0.06981342891305085,19.322268389661698,0.7229728672763341,0.023313697512151996
489,training,0.0018139865715056658,0.08798455446958543,0.07942176795342915,19.38252979321887,0.7239240963200014,0.009074522795352714
490,training,0.00037412584060803056,0.1069273240864277,0.07942176795342915,19.40247777546748,0.7240730956245498,0.005998060433535635
491,training,0.002091767266392708,0.1403745524585247,0.07942176795342915,19.442390524394565,0.7242298682732589,0.0031820710060139704
492,training,0.0008896938525140285,0.16742534190416336,0.07942176795342915,19.48252197272633,0.7244115564348592,0.006843755093830623
493,training,0.0003928359365090728,0.16683993116021156,0.07942176795342915,19.522308507376803,0.724810276590589,0.014572079778825676
494,training,0.0017766040982678533,0.17005101591348648,0.07942176795342915,19.562248520123926,0.725598569869969,0.024965076130355073
495,training,0.00023630555369891226,0.15443751588463783,0.07652773416308004,19.602250234315388,0.7267838733353832,0.03438572997686618
496,training,0.001319976057857275,0.14747432805597782,0.07652773416308004,19.642028604234795,0.7282679273907875,0.03896969499567499
497,training,0.00038478884380310774,0.14152787066996098,0.07652773416308004,19.682101191366186,0.7298842798749373,0.041402657558013437
498,training,0.0005616189446300268,0.13665401749312875,0.07652773416308004,19.721933066984125,0.7315596116118603,0.041988082502078784
499,training,0.00022068031830713153,0.12379557825624943,0.07652773416308004,19.761867483085215,0.7332063293597741,0.03999280134611252
500,training,0.00037958123721182346,0.15090581960976124,0.07652773416308004,19.78194323022881,0.7339995129789851,0.03895043279589547
501,training,0.001505926251411438,0.1665514316409826,0.08183565383147343,19.841809839631566,0.736277848806444,0.037976696596432394
502,training,0.0033016393426805735,0.13637381792068481,0.08183565383147343,19.881847357882084,0.7378309841512536,0.039813888765791096
503,training,0.00037453052937053144,0.12672936357557774,0.08183565383147343,19.921791706238366,0.7394086838354087,0.038721308680149044
504,training,0.0009193822043016553,0.1468446142971516,0.08183565383147343,19.961692769191604,0.7408854735829526,0.03460420746109332
505,training,0.000664226186927408,0.13856766372919083,0.08183565383147343,20.001846095217225,0.7422182852739307,0.03221554315030367
506,training,0.0005837487988173962,0.1527543384581804,0.08701471159601878,20.041679047278432,0.7434775774930981,0.030862641423471185
507,training,0.00044905717368237674,0.15215422585606572,0.08701471159601878,20.081684745363646,0.7447022875495725,0.03092233779020614
508,training,0.0008682346669957042,0.15375789254903793,0.08701471159601878,20.12172460162937,0.7459630947614595,0.03227444454561742
509,training,0.000409756728913635,0.14532110281288624,0.08701471159601878,20.161548773392017,0.7472824232153792,0.03365574412284398
510,training,0.0008701695478521287,0.15429339744150639,0.08701471159601878,20.201655213696412,0.7486484390494261,0.03391830426056176
511,training,0.0011341426288709044,0.15292075462639332,0.08701471159601878,20.241561872228488,0.7499692298293212,0.03208441060163933
512,training,0.0028868347872048616,0.14012711867690086,0.0970622104985099,20.281524378004814,0.7512141926236147,0.029888830353492046
513,training,0.0009201065404340625,0.13540972955524924,0.0970622104985099,20.321706752158995,0.752321862226527,0.02522344289074222
514,training,0.0026052407920360565,0.12509146705269814,0.0970622104985099,20.361524375653236,0.753234076575464,0.02012109163766807
515,training,0.0020577507093548775,0.1477370299398899,0.0970622104985099,20.4016391572686,0.7539445910700242,0.015320122788162234
516,training,0.000768792990129441,0.16181616485118863,0.0970622104985099,20.441609077642205,0.7545207358717808,0.014473833643428306
517,training,0.003165492322295904,0.17671403475105762,0.10684586438826574,20.48151723124773,0.7551122243830567,0.015997628955640084
518,training,0.0030095854308456182,0.17023738659918305,0.10684586438826574,20.521709378575828,0.7556926201923014,0.004572709137329674
519,training,0.0013194583589211106,0.1324450932443142,0.10684586438826574,20.561771312627222,0.7552781880094157,-0.02561974053804281
520,training,0.0003638619091361761,0.13179447688162327,0.10684586438826574,20.601998356710858,0.753670787997883,-0.05352706200147701
521,training,0.0013234055368229747,0.1918042134493589,0.10684586438826574,20.642070261997528,0.7510675447891856,-0.0754084558114912
522,training,0.000642677245195955,0.1448299139738083,0.11633051111791941,20.68208088361052,0.7474509995182879,-0.10738186474738681
523,training,0.002984012942761183,0.04248044081032276,0.11633051111791941,20.722059376490346,0.7424986346811655,-0.13654379356944543
524,training,0.0017611844232305884,0.11916350573301317,0.11633051111791941,20.761477265478636,0.7366817601950935,-0.15413849319082523
525,training,0.00011141630966449156,0.08425221964716911,0.11633051111791941,20.800933890559037,0.7302729328337723,-0.1686769472725502
526,training,0.0003943733754567802,0.04904455691576004,0.11633051111791941,20.840359208410003,0.7233208142879138,-0.17871211892289005
527,training,0.0015245504910126328,0.009257859550416468,0.11633051111791941,20.89933966210549,0.7123689249182096,-0.18922662759655873
528,training,0.0011454956838861108,0.04442472569644451,0.09507321514955588,20.919000747575815,0.7085804083192914,-0.1913502980112051
529,training,0.00122716068290174,0.03418140485882759,0.09507321514955588,20.958249057568892,0.7010352618593181,-0.18753273126185982
530,training,0.000999295967631042,0.053364893421530724,0.09507321514955588,20.997485798389903,0.6936229209464825,-0.18743225466196317
531,training,0.0001958161883521825,0.06586667150259018,0.09507321514955588,21.036735293306467,0.6862123086131968,-0.18528474331806938
532,training,0.00046913843834772706,0.07469615340232849,0.09507321514955588,21.075980394484468,0.6789386889937883,-0.18217346270512924
533,training,0.00031836508424021304,0.06364378146827221,0.09507321514955588,21.11529054791281,0.6718117024663665,-0.17597817844818317
534,training,0.0017049892339855433,0.06705708242952824,0.0614248704256545,21.154601494647302,0.6650089131688924,-0.1663883226406244
535,training,0.006075412034988403,0.04144003428518772,0.0614248704256545,21.19392200985858,0.6585583954731744,-0.15975032026840158
536,training,0.0008984162705019116,0.060202525928616524,0.0614248704256545,21.233406081327463,0.6523128458169453,-0.15470118456029935
537,training,0.006525893695652485,0.0318679753690958,0.0614248704256545,21.272827338031156,0.6462886616044523,-0.14948842018582434
538,training,0.001289227046072483,0.057761095464229584,0.0614248704256545,21.312319846814166,0.6404152191948245,-0.1455643515196231
539,training,0.0014735166914761066,0.11283685639500617,0.0614248704256545,21.371604551279255,0.6320089973565758,-0.13674222789566082
540,training,0.0008930405601859093,0.11132002621889114,0.02650245193425757,21.391268016404243,0.6293396205411464,-0.13206867892675736
541,training,0.0015737495850771666,0.12410658597946166,0.02650245193425757,21.43086226956887,0.6241211719394263,-0.1348635977934865
542,training,0.0020374797750264406,0.14966284111142159,0.02650245193425757,21.47048574005973,0.6186402107259953,-0.14139444425441483
543,training,0.0019628461450338364,0.0930903758853674,0.02650245193425757,21.510031507649977,0.612769457784078,-0.1536570313535899
544,training,0.002642113948240876,0.09915000945329666,0.02650245193425757,21.549589380081066,0.6065809434967754,-0.1541530009326307
545,training,0.008192671462893486,0.07879351079463959,0.02650245193425757,21.588984437287955,0.6005472046204192,-0.1506281670286143
546,training,0.0017365508247166872,0.07759549841284752,0.012847817642857967,21.608729165924068,0.5975718883670669,-0.14808404896922525
547,training,0.00662809144705534,0.12340134382247925,0.012847817642857967,21.668058261793973,0.5890873310276546,-0.13502089056269118
548,training,0.0009335222421213984,0.1478852033615112,0.012847817642857967,21.687717869223256,0.5864633475170942,-0.13115284817323114
