1,test,3.868101320317944e-07,0.4522382295923555,0.0008584676363336111,0.038307107818857794
2,test,0.016080497296312633,0.47003048476484643,0.0012262575970485297,0.021282289847602408
3,test,0.010699142994903904,0.5108876221790171,0.0017222991558068174,0.00410178773298993
4,test,0.008848193237420827,0.5601258169908332,0.0024774829588162205,-0.00823401555199287
5,test,0.006198984981838846,0.6339274543566153,0.003183221669427931,-0.027828650563466284
6,test,0.011849547518851727,0.695561074995597,0.0035963255177087834,-0.03909693577946753
7,test,0.010616561457208558,0.7467035578438231,0.002652477582205314,-0.04948057546904877
8,test,0.005967655257134235,0.8017550774951991,0.0012269255540440335,-0.0699811756796725
9,test,0.004617818511605616,0.8536507788630064,-0.0004390736357413301,-0.07594861123059385
10,test,0.006178718059171617,0.9029604237534531,-0.0033681575577887597,-0.0908579081911317
11,test,0.008669345852982815,0.9621771030425907,-0.006738071559218884,-0.10430738895334646
12,test,0.012340208855270611,1.0235089002219662,-0.011307313026360318,-0.12495421445325336
13,test,0.01565664026223918,1.0724353575592593,-0.01612246245718207,-0.14777299940611122
14,test,0.020617483890432175,1.1212378749053713,-0.02265994787390909,-0.18285446617567183
15,test,0.026011903987228042,1.1708625305743197,-0.029899405430480447,-0.2001322692199
16,test,0.032609133613620805,1.2245355125250381,-0.039385493532923525,-0.2127711702196184
17,test,0.040677122593634756,1.2774116900836356,-0.04931489627930231,-0.24732632974960309
18,test,0.052249786678249,1.3370989581470976,-0.06208875836796165,-0.26008154715154436
19,test,0.06601416605013953,1.395103904236286,-0.07701020746758233,-0.2831671010559047
20,test,0.07969982892315597,1.4533819364579874,-0.09309321690623407,-0.30130078079955724
21,test,0.09373656195009859,1.5085761098266905,-0.1089357047679157,-0.3316153040791839
22,test,0.10608380080396591,1.556658215328921,-0.12350037184293303,-0.3458391738948938
23,test,0.1221248757537318,1.6054973016351821,-0.14232578999759163,-0.35397112785393237
24,test,0.13397334448470813,1.6409587667404162,-0.1568871288671235,-0.3760243028658443
25,test,0.13831485307664487,1.686872593320178,-0.1758892661706203,-0.3983683251713662
26,test,0.14941596128656606,1.7412747442914207,-0.19796744535775213,-0.40507244813400384
27,test,0.17443736687105565,1.8029784064715952,-0.22449568696215325,-0.41564095004713414
28,test,0.1956030152543826,1.8494802630391174,-0.24582468117682654,-0.43365573357917075
29,test,0.21655555418411962,1.8925253087928913,-0.26661322463550546,-0.45997350039976936
30,test,0.24118598790223086,1.9428058162390287,-0.29128481758381797,-0.48292558369702643
31,test,0.26939017709920177,2.000196784890507,-0.3196686938798807,-0.49252738241754246
32,test,0.29905213292114624,2.061321700719357,-0.34920267230593,-0.5114806578720819
33,test,0.32491962969591326,2.11534305041958,-0.37499055146231614,-0.5176707646495549
34,test,0.04555456803760194,2.1634869085634763,-0.40132294766255283,-0.5429515294535174
35,test,0.040199573376132614,2.2097092458309566,-0.42817027750839737,-0.5442024503755527
36,test,0.0416025096221663,2.257689677167775,-0.4556205811401402,-0.5638399987366677
37,test,0.05053825288386631,2.3112887909579,-0.48503710517381254,-0.5879550820499522
38,test,0.047542796186686116,2.3595744952170934,-0.5126428000616022,-0.599240787766018
39,test,0.033097332048037234,2.397226249779113,-0.5371974041813723,-0.6216535519264348
40,test,0.03289106408473833,2.4395851553158563,-0.5663928679356234,-0.6374108213522824
41,test,0.03401819886713254,2.4799212536768915,-0.5954166810515636,-0.654591329153727
42,test,0.03656221391993072,2.5191845045844494,-0.6261971661557951,-0.6748010283197651
43,test,0.036397198730450435,2.559144969826348,-0.6593672995142669,-0.6816939874403631
44,test,0.03977878892609776,2.5987269143552254,-0.6934611858724804,-0.7086582353319265
45,test,0.029073773267903488,2.6301948494086713,-0.7220175656461513,-0.731674673248092
46,test,0.050735714683598,2.6636820705593864,-0.7514494183799159,-0.7332038491876279
47,test,0.050735714683598,2.699754051073516,-0.7838207087930552,-0.7537344655975967
48,test,0.050735714683598,2.7229749852515193,-0.806850354727743,-0.7835060004136608
49,test,0.050735714683598,2.7536206846819753,-0.8382378053530143,-0.8077082884626612
50,test,0.050735714683598,2.799573738955928,-0.8841112856109289,-0.8374980478040556
51,test,0.050735714683598,2.8350862462890403,-0.9169863878161384,-0.8496393388635017
52,test,0.050735714683598,2.8548573590595847,-0.9373404307220378,-0.90057777095779
53,test,0.050735714683598,2.863552108897357,-0.9421402225123858,-0.8759110737272608
54,test,0.050735714683598,2.8675131744252744,-0.9413741247999546,-0.8138001643807018
55,test,0.050735714683598,2.8699061190443436,-0.9433140874915861,-0.8064009174042772
56,test,0.050735714683598,2.8708650340113953,-0.9443497329551502,-0.8052372758936801
57,test,0.050735714683598,2.8710148160983735,-0.9447048837426462,-0.8057921511086064
58,test,0.050735714683598,2.8709913489993406,-0.9448277683793044,-0.8071626991306367
59,test,0.050735714683598,2.870890744931954,-0.9448331269100161,-0.8079133709897609
60,test,0.050735714683598,2.870772744993966,-0.9448168708258315,-0.8086575469339004
61,test,0.050735714683598,2.870712042988636,-0.9448072304411989,-0.8092134527429876
62,test,0.050735714683598,2.8706243731296635,-0.9447776270216819,-0.8095029685478065
63,test,0.050735714683598,2.8705391680860983,-0.9447256480799402,-0.8096469713895253
64,test,0.050735714683598,2.8704670081671186,-0.9446750497828127,-0.8097029272469246
65,test,0.050735714683598,2.870407893372725,-0.9446258321302997,-0.8096708361200593
66,test,0.050735714683598,2.870359264276816,-0.9445753375108507,-0.8095440236694029
67,test,0.050735714683598,2.8703576666650195,-0.9445517479381915,-0.8094431647024819
68,test,0.050735714683598,2.8703167158474114,-0.9445092261533921,-0.8093363752703683
69,test,0.050735714683598,2.870283443308105,-0.9444746772032423,-0.8092496088567426
70,test,0.050735714683598,2.870255289621,-0.9444454434761926,-0.8091761911221517
71,test,0.050735714683598,2.8702348142121963,-0.9444241825837928,-0.8091227964060856
72,test,0.050735714683598,2.8702143388033927,-0.944402921691393,-0.8090694016900377
73,test,0.050735714683598,2.8701964228206895,-0.9443843184105432,-0.8090226813134622
74,test,0.050735714683598,2.8701861851162875,-0.9443736879643434,-0.8089959839554292
75,test,0.050735714683598,2.870175947411886,-0.9443630575181434,-0.8089692865974142
76,test,0.050735714683598,2.870170828559685,-0.9443577422950435,-0.8089559379183977
77,test,0.050735714683598,2.8701682691335844,-0.9443550846834936,-0.8089492635788716
78,test,0.050735714683598,2.8701682691335844,-0.9443550846834936,-0.8089492635788716
79,test,0.050735714683598,2.870165709707484,-0.9443524270719436,-0.8089425892393632
80,test,0.050735714683598,2.8701631502813836,-0.9443497694603936,-0.808935914899855
81,test,0.050735714683598,2.8701605908552827,-0.9443471118488436,-0.8089292405603467
82,test,0.050735714683598,2.8701605908552827,-0.9443471118488436,-0.8089292405603467
83,test,0.050735714683598,2.8701605908552827,-0.9443471118488436,-0.8089292405603467
84,test,0.050735714683598,2.8701605908552827,-0.9443471118488436,-0.8089292405603467
85,test,0.050735714683598,2.8701605908552827,-0.9443471118488436,-0.8089292405603467
86,test,0.050735714683598,2.8701605908552827,-0.9443471118488436,-0.8089292405603467
87,test,0.050735714683598,2.8701605908552827,-0.9443471118488436,-0.8089292405603467
88,test,0.050735714683598,2.8701605908552827,-0.9443471118488436,-0.8089292405603467
89,test,0.050735714683598,2.8701605908552827,-0.9443471118488436,-0.8089292405603467
90,test,0.050735714683598,2.8701605908552827,-0.9443471118488436,-0.8089292405603467
91,test,0.050735714683598,2.8701605908552827,-0.9443471118488436,-0.8089292405603467
92,test,0.050735714683598,2.8701605908552827,-0.9443471118488436,-0.8089292405603467
93,test,0.050735714683598,2.8701605908552827,-0.9443471118488436,-0.8089292405603467
94,test,0.050735714683598,2.8701605908552827,-0.9443471118488436,-0.8089292405603467
95,test,0.050735714683598,2.8701605908552827,-0.9443471118488436,-0.8089292405603467
96,test,0.050735714683598,2.8701605908552827,-0.9443471118488436,-0.8089292405603467
97,test,0.050735714683598,2.8701605908552827,-0.9443471118488436,-0.8089292405603467
98,test,0.050735714683598,2.8701605908552827,-0.9443471118488436,-0.8089292405603467
99,test,0.050735714683598,2.8701605908552827,-0.9443471118488436,-0.8089292405603467
100,test,0.050735714683598,2.8701605908552827,-0.9443471118488436,-0.8089292405603467
101,test,0.050735714683598,2.8701605908552827,-0.9443471118488436,-0.8089292405603467
102,test,0.050735714683598,2.8701605908552827,-0.9443471118488436,-0.8089292405603467
103,test,0.050735714683598,2.8701605908552827,-0.9443471118488436,-0.8089292405603467
104,test,0.050735714683598,2.8701605908552827,-0.9443471118488436,-0.8089292405603467
105,test,0.050735714683598,2.8701605908552827,-0.9443471118488436,-0.8089292405603467
106,test,0.050735714683598,2.8701605908552827,-0.9443471118488436,-0.8089292405603467
107,test,0.050735714683598,2.8701605908552827,-0.9443471118488436,-0.8089292405603467
108,test,0.050735714683598,2.8701605908552827,-0.9443471118488436,-0.8089292405603467
109,test,0.050735714683598,2.8701605908552827,-0.9443471118488436,-0.8089292405603467
110,test,0.050735714683598,2.8701605908552827,-0.9443471118488436,-0.8089292405603467
111,test,0.050735714683598,2.8701605908552827,-0.9443471118488436,-0.8089292405603467
112,test,0.050735714683598,2.8701605908552827,-0.9443471118488436,-0.8089292405603467
113,test,0.050735714683598,2.8701605908552827,-0.9443471118488436,-0.8089292405603467
114,test,0.050735714683598,2.8701605908552827,-0.9443471118488436,-0.8089292405603467
115,test,0.050735714683598,2.8701605908552827,-0.9443471118488436,-0.8089292405603467
116,test,0.050735714683598,2.8701605908552827,-0.9443471118488436,-0.8089292405603467
117,test,0.050735714683598,2.8701605908552827,-0.9443471118488436,-0.8089292405603467
118,test,0.050735714683598,2.8701605908552827,-0.9443471118488436,-0.8089292405603467
119,test,0.050735714683598,2.8701605908552827,-0.9443471118488436,-0.8089292405603467
120,test,0.050735714683598,2.8701605908552827,-0.9443471118488436,-0.8089292405603467
121,test,0.050735714683598,2.8701605908552827,-0.9443471118488436,-0.8089292405603467
122,test,0.050735714683598,2.8701605908552827,-0.9443471118488436,-0.8089292405603467
123,test,0.050735714683598,2.8701605908552827,-0.9443471118488436,-0.8089292405603467
124,test,0.050735714683598,2.8701605908552827,-0.9443471118488436,-0.8089292405603467
125,test,0.050735714683598,2.8701605908552827,-0.9443471118488436,-0.8089292405603467
126,test,0.050735714683598,2.8701605908552827,-0.9443471118488436,-0.8089292405603467
127,test,0.050735714683598,2.8701605908552827,-0.9443471118488436,-0.8089292405603467
128,test,0.050735714683598,2.8701605908552827,-0.9443471118488436,-0.8089292405603467
129,test,0.050735714683598,2.8701605908552827,-0.9443471118488436,-0.8089292405603467
130,test,0.050735714683598,2.8701605908552827,-0.9443471118488436,-0.8089292405603467
131,test,0.050735714683598,2.8701605908552827,-0.9443471118488436,-0.8089292405603467
132,test,0.050735714683598,2.8701605908552827,-0.9443471118488436,-0.8089292405603467
133,test,0.050735714683598,2.8701605908552827,-0.9443471118488436,-0.8089292405603467
134,test,0.050735714683598,2.8701605908552827,-0.9443471118488436,-0.8089292405603467
135,test,0.050735714683598,2.8701605908552827,-0.9443471118488436,-0.8089292405603467
